review,sentiment
No improvement even after a full course.,Negative
Highly recommended for anyone with similar symptoms.,Positive
This medication caused severe side effects.,Negative
Did not help with my symptoms at all.,Negative
I noticed significant improvement within a few days.,Positive
"Still observing the effects, nothing major yet.",Neutral
Did not help with my symptoms at all.,Negative
I feel much better after using this product.,Positive
Would not recommend this to anyone.,Negative
"Can’t say much, it’s too early to tell.",Neutral
I’ve been using this for months with excellent results.,Positive
I feel much better after using this product.,Positive
I’ve been using this for months with excellent results.,Positive
Might work better for others.,Neutral
I’ve been using this for months with excellent results.,Positive
Highly recommended for anyone with similar symptoms.,Positive
"It’s just okay, nothing special.",Neutral
This drug helped me recover quickly.,Positive
No improvement even after a full course.,Negative
I noticed significant improvement within a few days.,Positive
Would not recommend this to anyone.,Negative
This medication caused severe side effects.,Negative
Would not recommend this to anyone.,Negative
Very effective and no noticeable side effects.,Positive
"Still observing the effects, nothing major yet.",Neutral
I had an allergic reaction to this medicine.,Negative
The product gave me headaches and nausea.,Negative
Very disappointed with this treatment.,Negative
I had an allergic reaction to this medicine.,Negative
I feel much better after using this product.,Positive
"It’s just okay, nothing special.",Neutral
Very effective and no noticeable side effects.,Positive
Seems like a standard pharma product.,Neutral
I noticed significant improvement within a few days.,Positive
No improvement even after a full course.,Negative
Too expensive and ineffective.,Negative
This medication caused severe side effects.,Negative
I had a great experience with this medication.,Positive
"Can’t say much, it’s too early to tell.",Neutral
This drug helped me recover quickly.,Positive
Not sure if this medicine is working.,Neutral
Would not recommend this to anyone.,Negative
"Average product, did what it was supposed to.",Neutral
I feel much better after using this product.,Positive
Did not help with my symptoms at all.,Negative
The product gave me headaches and nausea.,Negative
"Still observing the effects, nothing major yet.",Neutral
Too expensive and ineffective.,Negative
I noticed significant improvement within a few days.,Positive
I had an allergic reaction to this medicine.,Negative
I noticed significant improvement within a few days.,Positive
No improvement even after a full course.,Negative
Did not help with my symptoms at all.,Negative
Too expensive and ineffective.,Negative
Stopped using it due to adverse effects.,Negative
"Mild impact so far, will continue using.",Neutral
The product gave me headaches and nausea.,Negative
Stopped using it due to adverse effects.,Negative
I noticed significant improvement within a few days.,Positive
This drug helped me recover quickly.,Positive
"Average product, did what it was supposed to.",Neutral
Did not help with my symptoms at all.,Negative
The product gave me headaches and nausea.,Negative
I noticed significant improvement within a few days.,Positive
I had a great experience with this medication.,Positive
Very disappointed with this treatment.,Negative
Not sure if this medicine is working.,Neutral
This drug helped me recover quickly.,Positive
"Mild impact so far, will continue using.",Neutral
"Mild impact so far, will continue using.",Neutral
Affordable and highly effective!,Positive
Not sure if this medicine is working.,Neutral
Very disappointed with this treatment.,Negative
"Can’t say much, it’s too early to tell.",Neutral
I had an allergic reaction to this medicine.,Negative
I’ve been using this for months with excellent results.,Positive
This drug helped me recover quickly.,Positive
Affordable and highly effective!,Positive
Not sure if this medicine is working.,Neutral
The product gave me headaches and nausea.,Negative
Very effective and no noticeable side effects.,Positive
Highly recommended for anyone with similar symptoms.,Positive
Very disappointed with this treatment.,Negative
"Mild impact so far, will continue using.",Neutral
"Average product, did what it was supposed to.",Neutral
"Neutral experience, no side effects but no improvement.",Neutral
I feel much better after using this product.,Positive
Highly recommended for anyone with similar symptoms.,Positive
I had an allergic reaction to this medicine.,Negative
"It’s just okay, nothing special.",Neutral
Too expensive and ineffective.,Negative
Very disappointed with this treatment.,Negative
"Neutral experience, no side effects but no improvement.",Neutral
I feel much better after using this product.,Positive
I feel much better after using this product.,Positive
This medication caused severe side effects.,Negative
The treatment worked wonders for my condition.,Positive
The product gave me headaches and nausea.,Negative
No improvement even after a full course.,Negative
Very disappointed with this treatment.,Negative
This medication caused severe side effects.,Negative
I felt worse after taking it.,Negative
"It’s just okay, nothing special.",Neutral
"Can’t say much, it’s too early to tell.",Neutral
Highly recommended for anyone with similar symptoms.,Positive
Might work better for others.,Neutral
I had a great experience with this medication.,Positive
I noticed significant improvement within a few days.,Positive
Seems like a standard pharma product.,Neutral
Would not recommend this to anyone.,Negative
"Still observing the effects, nothing major yet.",Neutral
"Mild impact so far, will continue using.",Neutral
This medication caused severe side effects.,Negative
"It’s just okay, nothing special.",Neutral
"Can’t say much, it’s too early to tell.",Neutral
"My doctor prescribed it, and it worked perfectly.",Positive
"Mild impact so far, will continue using.",Neutral
"It’s just okay, nothing special.",Neutral
Very effective and no noticeable side effects.,Positive
This medication caused severe side effects.,Negative
"Average product, did what it was supposed to.",Neutral
No improvement even after a full course.,Negative
"Can’t say much, it’s too early to tell.",Neutral
Did not help with my symptoms at all.,Negative
I had an allergic reaction to this medicine.,Negative
"Mild impact so far, will continue using.",Neutral
Too expensive and ineffective.,Negative
"My doctor prescribed it, and it worked perfectly.",Positive
I had a great experience with this medication.,Positive
I felt worse after taking it.,Negative
Not sure if this medicine is working.,Neutral
Highly recommended for anyone with similar symptoms.,Positive
I had a great experience with this medication.,Positive
"My doctor prescribed it, and it worked perfectly.",Positive
I felt worse after taking it.,Negative
Very effective and no noticeable side effects.,Positive
"It’s just okay, nothing special.",Neutral
"Neutral experience, no side effects but no improvement.",Neutral
"Neutral experience, no side effects but no improvement.",Neutral
I felt worse after taking it.,Negative
I noticed significant improvement within a few days.,Positive
I had an allergic reaction to this medicine.,Negative
"Mild impact so far, will continue using.",Neutral
Very disappointed with this treatment.,Negative
This drug helped me recover quickly.,Positive
Too expensive and ineffective.,Negative
I noticed significant improvement within a few days.,Positive
I felt worse after taking it.,Negative
This medication caused severe side effects.,Negative
"Neutral experience, no side effects but no improvement.",Neutral
I’ve been using this for months with excellent results.,Positive
"It’s just okay, nothing special.",Neutral
I felt worse after taking it.,Negative
Stopped using it due to adverse effects.,Negative
I had an allergic reaction to this medicine.,Negative
No improvement even after a full course.,Negative
The product gave me headaches and nausea.,Negative
I’ve been using this for months with excellent results.,Positive
"My doctor prescribed it, and it worked perfectly.",Positive
I felt worse after taking it.,Negative
I feel much better after using this product.,Positive
"It’s just okay, nothing special.",Neutral
No improvement even after a full course.,Negative
"Can’t say much, it’s too early to tell.",Neutral
"Mild impact so far, will continue using.",Neutral
Stopped using it due to adverse effects.,Negative
Did not help with my symptoms at all.,Negative
Highly recommended for anyone with similar symptoms.,Positive
"Still observing the effects, nothing major yet.",Neutral
No improvement even after a full course.,Negative
Did not help with my symptoms at all.,Negative
"Neutral experience, no side effects but no improvement.",Neutral
I had a great experience with this medication.,Positive
I feel much better after using this product.,Positive
I feel much better after using this product.,Positive
"It’s just okay, nothing special.",Neutral
I had an allergic reaction to this medicine.,Negative
The product gave me headaches and nausea.,Negative
"My doctor prescribed it, and it worked perfectly.",Positive
I feel much better after using this product.,Positive
Too expensive and ineffective.,Negative
Very disappointed with this treatment.,Negative
Not sure if this medicine is working.,Neutral
I feel much better after using this product.,Positive
I had an allergic reaction to this medicine.,Negative
Seems like a standard pharma product.,Neutral
The product gave me headaches and nausea.,Negative
Did not help with my symptoms at all.,Negative
"Can’t say much, it’s too early to tell.",Neutral
No improvement even after a full course.,Negative
Affordable and highly effective!,Positive
"Neutral experience, no side effects but no improvement.",Neutral
Seems like a standard pharma product.,Neutral
Very disappointed with this treatment.,Negative
I feel much better after using this product.,Positive
I noticed significant improvement within a few days.,Positive
I feel much better after using this product.,Positive
"Mild impact so far, will continue using.",Neutral
The product gave me headaches and nausea.,Negative
"Average product, did what it was supposed to.",Neutral
"Mild impact so far, will continue using.",Neutral
Affordable and highly effective!,Positive
Might work better for others.,Neutral
Stopped using it due to adverse effects.,Negative
Stopped using it due to adverse effects.,Negative
Would not recommend this to anyone.,Negative
I had a great experience with this medication.,Positive
"Average product, did what it was supposed to.",Neutral
This drug helped me recover quickly.,Positive
Too expensive and ineffective.,Negative
I’ve been using this for months with excellent results.,Positive
Too expensive and ineffective.,Negative
Would not recommend this to anyone.,Negative
This medication caused severe side effects.,Negative
"My doctor prescribed it, and it worked perfectly.",Positive
Affordable and highly effective!,Positive
Stopped using it due to adverse effects.,Negative
I noticed significant improvement within a few days.,Positive
Very disappointed with this treatment.,Negative
Seems like a standard pharma product.,Neutral
This medication caused severe side effects.,Negative
"Still observing the effects, nothing major yet.",Neutral
No improvement even after a full course.,Negative
Affordable and highly effective!,Positive
"My doctor prescribed it, and it worked perfectly.",Positive
"My doctor prescribed it, and it worked perfectly.",Positive
I’ve been using this for months with excellent results.,Positive
I’ve been using this for months with excellent results.,Positive
Would not recommend this to anyone.,Negative
This drug helped me recover quickly.,Positive
Might work better for others.,Neutral
I noticed significant improvement within a few days.,Positive
Would not recommend this to anyone.,Negative
Seems like a standard pharma product.,Neutral
Too expensive and ineffective.,Negative
"It’s just okay, nothing special.",Neutral
Affordable and highly effective!,Positive
The treatment worked wonders for my condition.,Positive
I’ve been using this for months with excellent results.,Positive
"My doctor prescribed it, and it worked perfectly.",Positive
"Neutral experience, no side effects but no improvement.",Neutral
I felt worse after taking it.,Negative
"Can’t say much, it’s too early to tell.",Neutral
Not sure if this medicine is working.,Neutral
The product gave me headaches and nausea.,Negative
Stopped using it due to adverse effects.,Negative
"Neutral experience, no side effects but no improvement.",Neutral
"Average product, did what it was supposed to.",Neutral
Too expensive and ineffective.,Negative
Would not recommend this to anyone.,Negative
Seems like a standard pharma product.,Neutral
I noticed significant improvement within a few days.,Positive
I had a great experience with this medication.,Positive
Very disappointed with this treatment.,Negative
Seems like a standard pharma product.,Neutral
I feel much better after using this product.,Positive
Stopped using it due to adverse effects.,Negative
Not sure if this medicine is working.,Neutral
"Can’t say much, it’s too early to tell.",Neutral
No improvement even after a full course.,Negative
I had an allergic reaction to this medicine.,Negative
"Still observing the effects, nothing major yet.",Neutral
Might work better for others.,Neutral
"Neutral experience, no side effects but no improvement.",Neutral
The product gave me headaches and nausea.,Negative
I had an allergic reaction to this medicine.,Negative
"Can’t say much, it’s too early to tell.",Neutral
I’ve been using this for months with excellent results.,Positive
The treatment worked wonders for my condition.,Positive
"It’s just okay, nothing special.",Neutral
Seems like a standard pharma product.,Neutral
"My doctor prescribed it, and it worked perfectly.",Positive
Seems like a standard pharma product.,Neutral
Very effective and no noticeable side effects.,Positive
This drug helped me recover quickly.,Positive
"My doctor prescribed it, and it worked perfectly.",Positive
Stopped using it due to adverse effects.,Negative
Stopped using it due to adverse effects.,Negative
Very disappointed with this treatment.,Negative
The product gave me headaches and nausea.,Negative
Would not recommend this to anyone.,Negative
I noticed significant improvement within a few days.,Positive
"Neutral experience, no side effects but no improvement.",Neutral
Not sure if this medicine is working.,Neutral
No improvement even after a full course.,Negative
The product gave me headaches and nausea.,Negative
The product gave me headaches and nausea.,Negative
"Average product, did what it was supposed to.",Neutral
Did not help with my symptoms at all.,Negative
"Average product, did what it was supposed to.",Neutral
I had a great experience with this medication.,Positive
"Average product, did what it was supposed to.",Neutral
I felt worse after taking it.,Negative
Seems like a standard pharma product.,Neutral
The treatment worked wonders for my condition.,Positive
"Mild impact so far, will continue using.",Neutral
Did not notice any change in my condition.,Neutral
Too expensive and ineffective.,Negative
Affordable and highly effective!,Positive
Would not recommend this to anyone.,Negative
Not sure if this medicine is working.,Neutral
I noticed significant improvement within a few days.,Positive
I’ve been using this for months with excellent results.,Positive
I had a great experience with this medication.,Positive
Affordable and highly effective!,Positive
The treatment worked wonders for my condition.,Positive
"It’s just okay, nothing special.",Neutral
This medication caused severe side effects.,Negative
Seems like a standard pharma product.,Neutral
The treatment worked wonders for my condition.,Positive
Highly recommended for anyone with similar symptoms.,Positive
Highly recommended for anyone with similar symptoms.,Positive
Affordable and highly effective!,Positive
Too expensive and ineffective.,Negative
"Neutral experience, no side effects but no improvement.",Neutral
Did not notice any change in my condition.,Neutral
Seems like a standard pharma product.,Neutral
"Can’t say much, it’s too early to tell.",Neutral
This drug helped me recover quickly.,Positive
"It’s just okay, nothing special.",Neutral
I had an allergic reaction to this medicine.,Negative
I had an allergic reaction to this medicine.,Negative
No improvement even after a full course.,Negative
The treatment worked wonders for my condition.,Positive
Highly recommended for anyone with similar symptoms.,Positive
Stopped using it due to adverse effects.,Negative
This medication caused severe side effects.,Negative
No improvement even after a full course.,Negative
I had an allergic reaction to this medicine.,Negative
Did not help with my symptoms at all.,Negative
"Average product, did what it was supposed to.",Neutral
I’ve been using this for months with excellent results.,Positive
Did not notice any change in my condition.,Neutral
I felt worse after taking it.,Negative
Not sure if this medicine is working.,Neutral
Very effective and no noticeable side effects.,Positive
"Still observing the effects, nothing major yet.",Neutral
"Neutral experience, no side effects but no improvement.",Neutral
Highly recommended for anyone with similar symptoms.,Positive
I felt worse after taking it.,Negative
"Average product, did what it was supposed to.",Neutral
The product gave me headaches and nausea.,Negative
"Mild impact so far, will continue using.",Neutral
"Average product, did what it was supposed to.",Neutral
Might work better for others.,Neutral
Would not recommend this to anyone.,Negative
Would not recommend this to anyone.,Negative
I noticed significant improvement within a few days.,Positive
"Can’t say much, it’s too early to tell.",Neutral
The product gave me headaches and nausea.,Negative
This medication caused severe side effects.,Negative
Seems like a standard pharma product.,Neutral
Seems like a standard pharma product.,Neutral
"It’s just okay, nothing special.",Neutral
"Still observing the effects, nothing major yet.",Neutral
"Can’t say much, it’s too early to tell.",Neutral
I noticed significant improvement within a few days.,Positive
"Still observing the effects, nothing major yet.",Neutral
Very disappointed with this treatment.,Negative
Too expensive and ineffective.,Negative
I had a great experience with this medication.,Positive
Would not recommend this to anyone.,Negative
Seems like a standard pharma product.,Neutral
"Mild impact so far, will continue using.",Neutral
"My doctor prescribed it, and it worked perfectly.",Positive
Stopped using it due to adverse effects.,Negative
Stopped using it due to adverse effects.,Negative
I felt worse after taking it.,Negative
Might work better for others.,Neutral
"Still observing the effects, nothing major yet.",Neutral
This medication caused severe side effects.,Negative
"My doctor prescribed it, and it worked perfectly.",Positive
Very effective and no noticeable side effects.,Positive
Seems like a standard pharma product.,Neutral
Very disappointed with this treatment.,Negative
The product gave me headaches and nausea.,Negative
I noticed significant improvement within a few days.,Positive
Did not help with my symptoms at all.,Negative
The product gave me headaches and nausea.,Negative
I felt worse after taking it.,Negative
Stopped using it due to adverse effects.,Negative
"Mild impact so far, will continue using.",Neutral
Did not notice any change in my condition.,Neutral
"Neutral experience, no side effects but no improvement.",Neutral
Highly recommended for anyone with similar symptoms.,Positive
"Can’t say much, it’s too early to tell.",Neutral
"My doctor prescribed it, and it worked perfectly.",Positive
Very effective and no noticeable side effects.,Positive
"Still observing the effects, nothing major yet.",Neutral
Might work better for others.,Neutral
"Neutral experience, no side effects but no improvement.",Neutral
This medication caused severe side effects.,Negative
The product gave me headaches and nausea.,Negative
I noticed significant improvement within a few days.,Positive
Very effective and no noticeable side effects.,Positive
I had an allergic reaction to this medicine.,Negative
Affordable and highly effective!,Positive
I noticed significant improvement within a few days.,Positive
Would not recommend this to anyone.,Negative
Not sure if this medicine is working.,Neutral
Did not notice any change in my condition.,Neutral
The product gave me headaches and nausea.,Negative
I had a great experience with this medication.,Positive
"Still observing the effects, nothing major yet.",Neutral
I had an allergic reaction to this medicine.,Negative
This medication caused severe side effects.,Negative
Might work better for others.,Neutral
"My doctor prescribed it, and it worked perfectly.",Positive
I’ve been using this for months with excellent results.,Positive
This medication caused severe side effects.,Negative
I noticed significant improvement within a few days.,Positive
I felt worse after taking it.,Negative
Not sure if this medicine is working.,Neutral
"Mild impact so far, will continue using.",Neutral
I feel much better after using this product.,Positive
Would not recommend this to anyone.,Negative
"Can’t say much, it’s too early to tell.",Neutral
Would not recommend this to anyone.,Negative
I feel much better after using this product.,Positive
Very disappointed with this treatment.,Negative
Too expensive and ineffective.,Negative
"Average product, did what it was supposed to.",Neutral
I had an allergic reaction to this medicine.,Negative
I noticed significant improvement within a few days.,Positive
The product gave me headaches and nausea.,Negative
"It’s just okay, nothing special.",Neutral
This medication caused severe side effects.,Negative
"Still observing the effects, nothing major yet.",Neutral
"Can’t say much, it’s too early to tell.",Neutral
Affordable and highly effective!,Positive
Highly recommended for anyone with similar symptoms.,Positive
"It’s just okay, nothing special.",Neutral
Very effective and no noticeable side effects.,Positive
I had a great experience with this medication.,Positive
"Mild impact so far, will continue using.",Neutral
The treatment worked wonders for my condition.,Positive
Did not help with my symptoms at all.,Negative
Did not notice any change in my condition.,Neutral
"Still observing the effects, nothing major yet.",Neutral
Affordable and highly effective!,Positive
Did not help with my symptoms at all.,Negative
I noticed significant improvement within a few days.,Positive
I felt worse after taking it.,Negative
"Can’t say much, it’s too early to tell.",Neutral
Seems like a standard pharma product.,Neutral
The product gave me headaches and nausea.,Negative
No improvement even after a full course.,Negative
Seems like a standard pharma product.,Neutral
Highly recommended for anyone with similar symptoms.,Positive
Did not help with my symptoms at all.,Negative
"Neutral experience, no side effects but no improvement.",Neutral
"Neutral experience, no side effects but no improvement.",Neutral
Stopped using it due to adverse effects.,Negative
Too expensive and ineffective.,Negative
The product gave me headaches and nausea.,Negative
"Still observing the effects, nothing major yet.",Neutral
The product gave me headaches and nausea.,Negative
I had an allergic reaction to this medicine.,Negative
This drug helped me recover quickly.,Positive
I had a great experience with this medication.,Positive
Might work better for others.,Neutral
I noticed significant improvement within a few days.,Positive
Affordable and highly effective!,Positive
The treatment worked wonders for my condition.,Positive
Did not notice any change in my condition.,Neutral
Stopped using it due to adverse effects.,Negative
Very effective and no noticeable side effects.,Positive
I felt worse after taking it.,Negative
The product gave me headaches and nausea.,Negative
I feel much better after using this product.,Positive
Stopped using it due to adverse effects.,Negative
"Still observing the effects, nothing major yet.",Neutral
The treatment worked wonders for my condition.,Positive
Affordable and highly effective!,Positive
Did not notice any change in my condition.,Neutral
This medication caused severe side effects.,Negative
This medication caused severe side effects.,Negative
Would not recommend this to anyone.,Negative
"Neutral experience, no side effects but no improvement.",Neutral
Too expensive and ineffective.,Negative
Affordable and highly effective!,Positive
Very effective and no noticeable side effects.,Positive
Seems like a standard pharma product.,Neutral
"Still observing the effects, nothing major yet.",Neutral
Did not help with my symptoms at all.,Negative
Not sure if this medicine is working.,Neutral
I had an allergic reaction to this medicine.,Negative
"Neutral experience, no side effects but no improvement.",Neutral
I felt worse after taking it.,Negative
Highly recommended for anyone with similar symptoms.,Positive
This medication caused severe side effects.,Negative
I felt worse after taking it.,Negative
Did not help with my symptoms at all.,Negative
Very effective and no noticeable side effects.,Positive
No improvement even after a full course.,Negative
I feel much better after using this product.,Positive
"Average product, did what it was supposed to.",Neutral
Affordable and highly effective!,Positive
"My doctor prescribed it, and it worked perfectly.",Positive
I felt worse after taking it.,Negative
"Neutral experience, no side effects but no improvement.",Neutral
"Still observing the effects, nothing major yet.",Neutral
This medication caused severe side effects.,Negative
Not sure if this medicine is working.,Neutral
Highly recommended for anyone with similar symptoms.,Positive
Seems like a standard pharma product.,Neutral
I noticed significant improvement within a few days.,Positive
I had an allergic reaction to this medicine.,Negative
Did not help with my symptoms at all.,Negative
I noticed significant improvement within a few days.,Positive
Very disappointed with this treatment.,Negative
Affordable and highly effective!,Positive
I felt worse after taking it.,Negative
"It’s just okay, nothing special.",Neutral
Would not recommend this to anyone.,Negative
Did not notice any change in my condition.,Neutral
"My doctor prescribed it, and it worked perfectly.",Positive
Affordable and highly effective!,Positive
"It’s just okay, nothing special.",Neutral
Very disappointed with this treatment.,Negative
"My doctor prescribed it, and it worked perfectly.",Positive
I noticed significant improvement within a few days.,Positive
This medication caused severe side effects.,Negative
Too expensive and ineffective.,Negative
"My doctor prescribed it, and it worked perfectly.",Positive
"It’s just okay, nothing special.",Neutral
Seems like a standard pharma product.,Neutral
No improvement even after a full course.,Negative
The treatment worked wonders for my condition.,Positive
Would not recommend this to anyone.,Negative
"My doctor prescribed it, and it worked perfectly.",Positive
This medication caused severe side effects.,Negative
No improvement even after a full course.,Negative
Would not recommend this to anyone.,Negative
Very disappointed with this treatment.,Negative
Stopped using it due to adverse effects.,Negative
Very effective and no noticeable side effects.,Positive
The product gave me headaches and nausea.,Negative
"It’s just okay, nothing special.",Neutral
Very effective and no noticeable side effects.,Positive
"It’s just okay, nothing special.",Neutral
Would not recommend this to anyone.,Negative
Seems like a standard pharma product.,Neutral
I noticed significant improvement within a few days.,Positive
"Still observing the effects, nothing major yet.",Neutral
Might work better for others.,Neutral
Seems like a standard pharma product.,Neutral
Very disappointed with this treatment.,Negative
"My doctor prescribed it, and it worked perfectly.",Positive
"Can’t say much, it’s too early to tell.",Neutral
"My doctor prescribed it, and it worked perfectly.",Positive
I noticed significant improvement within a few days.,Positive
This drug helped me recover quickly.,Positive
I had an allergic reaction to this medicine.,Negative
"Can’t say much, it’s too early to tell.",Neutral
Seems like a standard pharma product.,Neutral
Very disappointed with this treatment.,Negative
I’ve been using this for months with excellent results.,Positive
Might work better for others.,Neutral
Did not notice any change in my condition.,Neutral
I felt worse after taking it.,Negative
This medication caused severe side effects.,Negative
This medication caused severe side effects.,Negative
"Neutral experience, no side effects but no improvement.",Neutral
"Mild impact so far, will continue using.",Neutral
Seems like a standard pharma product.,Neutral
Stopped using it due to adverse effects.,Negative
This drug helped me recover quickly.,Positive
I had a great experience with this medication.,Positive
Did not notice any change in my condition.,Neutral
The product gave me headaches and nausea.,Negative
Seems like a standard pharma product.,Neutral
Very disappointed with this treatment.,Negative
This drug helped me recover quickly.,Positive
"Neutral experience, no side effects but no improvement.",Neutral
This drug helped me recover quickly.,Positive
I had an allergic reaction to this medicine.,Negative
I feel much better after using this product.,Positive
No improvement even after a full course.,Negative
Highly recommended for anyone with similar symptoms.,Positive
"It’s just okay, nothing special.",Neutral
I feel much better after using this product.,Positive
Too expensive and ineffective.,Negative
Very effective and no noticeable side effects.,Positive
Very effective and no noticeable side effects.,Positive
Not sure if this medicine is working.,Neutral
"Neutral experience, no side effects but no improvement.",Neutral
Very effective and no noticeable side effects.,Positive
This medication caused severe side effects.,Negative
The product gave me headaches and nausea.,Negative
The treatment worked wonders for my condition.,Positive
Seems like a standard pharma product.,Neutral
No improvement even after a full course.,Negative
Affordable and highly effective!,Positive
Very disappointed with this treatment.,Negative
Affordable and highly effective!,Positive
I feel much better after using this product.,Positive
The treatment worked wonders for my condition.,Positive
Very disappointed with this treatment.,Negative
The treatment worked wonders for my condition.,Positive
Might work better for others.,Neutral
Stopped using it due to adverse effects.,Negative
This medication caused severe side effects.,Negative
I noticed significant improvement within a few days.,Positive
Seems like a standard pharma product.,Neutral
This medication caused severe side effects.,Negative
"Still observing the effects, nothing major yet.",Neutral
Did not help with my symptoms at all.,Negative
Did not notice any change in my condition.,Neutral
I’ve been using this for months with excellent results.,Positive
I had an allergic reaction to this medicine.,Negative
Highly recommended for anyone with similar symptoms.,Positive
"My doctor prescribed it, and it worked perfectly.",Positive
"My doctor prescribed it, and it worked perfectly.",Positive
"Can’t say much, it’s too early to tell.",Neutral
"My doctor prescribed it, and it worked perfectly.",Positive
"It’s just okay, nothing special.",Neutral
The product gave me headaches and nausea.,Negative
Highly recommended for anyone with similar symptoms.,Positive
Would not recommend this to anyone.,Negative
Might work better for others.,Neutral
Very disappointed with this treatment.,Negative
I had a great experience with this medication.,Positive
"Still observing the effects, nothing major yet.",Neutral
"Neutral experience, no side effects but no improvement.",Neutral
"It’s just okay, nothing special.",Neutral
The product gave me headaches and nausea.,Negative
No improvement even after a full course.,Negative
Very disappointed with this treatment.,Negative
"Neutral experience, no side effects but no improvement.",Neutral
"Neutral experience, no side effects but no improvement.",Neutral
I had a great experience with this medication.,Positive
"Mild impact so far, will continue using.",Neutral
I had a great experience with this medication.,Positive
"It’s just okay, nothing special.",Neutral
This drug helped me recover quickly.,Positive
Did not notice any change in my condition.,Neutral
I had a great experience with this medication.,Positive
"Still observing the effects, nothing major yet.",Neutral
Too expensive and ineffective.,Negative
Would not recommend this to anyone.,Negative
I had an allergic reaction to this medicine.,Negative
"Average product, did what it was supposed to.",Neutral
Highly recommended for anyone with similar symptoms.,Positive
No improvement even after a full course.,Negative
"It’s just okay, nothing special.",Neutral
Very disappointed with this treatment.,Negative
"It’s just okay, nothing special.",Neutral
Not sure if this medicine is working.,Neutral
Highly recommended for anyone with similar symptoms.,Positive
I feel much better after using this product.,Positive
I had an allergic reaction to this medicine.,Negative
"Still observing the effects, nothing major yet.",Neutral
The product gave me headaches and nausea.,Negative
The product gave me headaches and nausea.,Negative
This drug helped me recover quickly.,Positive
Stopped using it due to adverse effects.,Negative
I noticed significant improvement within a few days.,Positive
The treatment worked wonders for my condition.,Positive
Did not notice any change in my condition.,Neutral
"Still observing the effects, nothing major yet.",Neutral
"Neutral experience, no side effects but no improvement.",Neutral
Affordable and highly effective!,Positive
The treatment worked wonders for my condition.,Positive
Stopped using it due to adverse effects.,Negative
"Average product, did what it was supposed to.",Neutral
Might work better for others.,Neutral
The treatment worked wonders for my condition.,Positive
Very disappointed with this treatment.,Negative
Did not notice any change in my condition.,Neutral
The product gave me headaches and nausea.,Negative
Did not notice any change in my condition.,Neutral
This medication caused severe side effects.,Negative
"Neutral experience, no side effects but no improvement.",Neutral
Very disappointed with this treatment.,Negative
I feel much better after using this product.,Positive
I’ve been using this for months with excellent results.,Positive
I had an allergic reaction to this medicine.,Negative
Highly recommended for anyone with similar symptoms.,Positive
I felt worse after taking it.,Negative
This drug helped me recover quickly.,Positive
Did not help with my symptoms at all.,Negative
"Neutral experience, no side effects but no improvement.",Neutral
Did not notice any change in my condition.,Neutral
I had an allergic reaction to this medicine.,Negative
"Mild impact so far, will continue using.",Neutral
Did not notice any change in my condition.,Neutral
No improvement even after a full course.,Negative
Seems like a standard pharma product.,Neutral
I’ve been using this for months with excellent results.,Positive
Too expensive and ineffective.,Negative
Too expensive and ineffective.,Negative
"Mild impact so far, will continue using.",Neutral
Very effective and no noticeable side effects.,Positive
The product gave me headaches and nausea.,Negative
I’ve been using this for months with excellent results.,Positive
Very disappointed with this treatment.,Negative
Did not help with my symptoms at all.,Negative
Highly recommended for anyone with similar symptoms.,Positive
I felt worse after taking it.,Negative
Stopped using it due to adverse effects.,Negative
The product gave me headaches and nausea.,Negative
"Can’t say much, it’s too early to tell.",Neutral
I noticed significant improvement within a few days.,Positive
"Mild impact so far, will continue using.",Neutral
"Mild impact so far, will continue using.",Neutral
"Average product, did what it was supposed to.",Neutral
Not sure if this medicine is working.,Neutral
I noticed significant improvement within a few days.,Positive
"My doctor prescribed it, and it worked perfectly.",Positive
Stopped using it due to adverse effects.,Negative
I noticed significant improvement within a few days.,Positive
I had an allergic reaction to this medicine.,Negative
This drug helped me recover quickly.,Positive
Would not recommend this to anyone.,Negative
I had an allergic reaction to this medicine.,Negative
I’ve been using this for months with excellent results.,Positive
Very disappointed with this treatment.,Negative
"Can’t say much, it’s too early to tell.",Neutral
"Neutral experience, no side effects but no improvement.",Neutral
I’ve been using this for months with excellent results.,Positive
This medication caused severe side effects.,Negative
"Can’t say much, it’s too early to tell.",Neutral
"My doctor prescribed it, and it worked perfectly.",Positive
This drug helped me recover quickly.,Positive
"My doctor prescribed it, and it worked perfectly.",Positive
Highly recommended for anyone with similar symptoms.,Positive
Highly recommended for anyone with similar symptoms.,Positive
The treatment worked wonders for my condition.,Positive
I’ve been using this for months with excellent results.,Positive
The product gave me headaches and nausea.,Negative
Might work better for others.,Neutral
Might work better for others.,Neutral
Did not help with my symptoms at all.,Negative
"My doctor prescribed it, and it worked perfectly.",Positive
"Mild impact so far, will continue using.",Neutral
I feel much better after using this product.,Positive
Might work better for others.,Neutral
"My doctor prescribed it, and it worked perfectly.",Positive
Not sure if this medicine is working.,Neutral
I’ve been using this for months with excellent results.,Positive
"Still observing the effects, nothing major yet.",Neutral
The treatment worked wonders for my condition.,Positive
I noticed significant improvement within a few days.,Positive
"Still observing the effects, nothing major yet.",Neutral
I feel much better after using this product.,Positive
Did not help with my symptoms at all.,Negative
Very effective and no noticeable side effects.,Positive
"Average product, did what it was supposed to.",Neutral
"Still observing the effects, nothing major yet.",Neutral
Very disappointed with this treatment.,Negative
I noticed significant improvement within a few days.,Positive
Affordable and highly effective!,Positive
Affordable and highly effective!,Positive
Did not help with my symptoms at all.,Negative
No improvement even after a full course.,Negative
Too expensive and ineffective.,Negative
"Average product, did what it was supposed to.",Neutral
The treatment worked wonders for my condition.,Positive
"Average product, did what it was supposed to.",Neutral
This drug helped me recover quickly.,Positive
This drug helped me recover quickly.,Positive
The treatment worked wonders for my condition.,Positive
Affordable and highly effective!,Positive
I noticed significant improvement within a few days.,Positive
I had an allergic reaction to this medicine.,Negative
Not sure if this medicine is working.,Neutral
I’ve been using this for months with excellent results.,Positive
I feel much better after using this product.,Positive
Did not notice any change in my condition.,Neutral
Affordable and highly effective!,Positive
Did not help with my symptoms at all.,Negative
"Average product, did what it was supposed to.",Neutral
I’ve been using this for months with excellent results.,Positive
"It’s just okay, nothing special.",Neutral
Did not notice any change in my condition.,Neutral
I’ve been using this for months with excellent results.,Positive
Stopped using it due to adverse effects.,Negative
"Mild impact so far, will continue using.",Neutral
"It’s just okay, nothing special.",Neutral
"Average product, did what it was supposed to.",Neutral
I had a great experience with this medication.,Positive
I felt worse after taking it.,Negative
Did not help with my symptoms at all.,Negative
Would not recommend this to anyone.,Negative
"My doctor prescribed it, and it worked perfectly.",Positive
I feel much better after using this product.,Positive
I noticed significant improvement within a few days.,Positive
I feel much better after using this product.,Positive
Would not recommend this to anyone.,Negative
The treatment worked wonders for my condition.,Positive
This drug helped me recover quickly.,Positive
The product gave me headaches and nausea.,Negative
I had an allergic reaction to this medicine.,Negative
"Still observing the effects, nothing major yet.",Neutral
I felt worse after taking it.,Negative
Too expensive and ineffective.,Negative
Very effective and no noticeable side effects.,Positive
"Can’t say much, it’s too early to tell.",Neutral
The product gave me headaches and nausea.,Negative
Might work better for others.,Neutral
"Neutral experience, no side effects but no improvement.",Neutral
I had a great experience with this medication.,Positive
This medication caused severe side effects.,Negative
"Average product, did what it was supposed to.",Neutral
Very effective and no noticeable side effects.,Positive
Affordable and highly effective!,Positive
This drug helped me recover quickly.,Positive
I’ve been using this for months with excellent results.,Positive
This drug helped me recover quickly.,Positive
"Still observing the effects, nothing major yet.",Neutral
I had a great experience with this medication.,Positive
Very disappointed with this treatment.,Negative
Might work better for others.,Neutral
Too expensive and ineffective.,Negative
"Neutral experience, no side effects but no improvement.",Neutral
Not sure if this medicine is working.,Neutral
"Mild impact so far, will continue using.",Neutral
The product gave me headaches and nausea.,Negative
"Can’t say much, it’s too early to tell.",Neutral
Seems like a standard pharma product.,Neutral
Stopped using it due to adverse effects.,Negative
No improvement even after a full course.,Negative
Stopped using it due to adverse effects.,Negative
Did not help with my symptoms at all.,Negative
Very effective and no noticeable side effects.,Positive
"Neutral experience, no side effects but no improvement.",Neutral
No improvement even after a full course.,Negative
I noticed significant improvement within a few days.,Positive
Might work better for others.,Neutral
Too expensive and ineffective.,Negative
Might work better for others.,Neutral
This drug helped me recover quickly.,Positive
"Average product, did what it was supposed to.",Neutral
The product gave me headaches and nausea.,Negative
Affordable and highly effective!,Positive
"Neutral experience, no side effects but no improvement.",Neutral
"Mild impact so far, will continue using.",Neutral
Very effective and no noticeable side effects.,Positive
The product gave me headaches and nausea.,Negative
"Can’t say much, it’s too early to tell.",Neutral
I felt worse after taking it.,Negative
The treatment worked wonders for my condition.,Positive
"Mild impact so far, will continue using.",Neutral
Highly recommended for anyone with similar symptoms.,Positive
"Still observing the effects, nothing major yet.",Neutral
Would not recommend this to anyone.,Negative
"Mild impact so far, will continue using.",Neutral
Very disappointed with this treatment.,Negative
"My doctor prescribed it, and it worked perfectly.",Positive
Would not recommend this to anyone.,Negative
This drug helped me recover quickly.,Positive
The product gave me headaches and nausea.,Negative
Very disappointed with this treatment.,Negative
"Can’t say much, it’s too early to tell.",Neutral
Highly recommended for anyone with similar symptoms.,Positive
Highly recommended for anyone with similar symptoms.,Positive
Stopped using it due to adverse effects.,Negative
I had a great experience with this medication.,Positive
Very effective and no noticeable side effects.,Positive
Too expensive and ineffective.,Negative
I had an allergic reaction to this medicine.,Negative
Might work better for others.,Neutral
Too expensive and ineffective.,Negative
Affordable and highly effective!,Positive
Did not notice any change in my condition.,Neutral
"Can’t say much, it’s too early to tell.",Neutral
No improvement even after a full course.,Negative
"My doctor prescribed it, and it worked perfectly.",Positive
Did not help with my symptoms at all.,Negative
Too expensive and ineffective.,Negative
This drug helped me recover quickly.,Positive
Very effective and no noticeable side effects.,Positive
I felt worse after taking it.,Negative
Would not recommend this to anyone.,Negative
"Still observing the effects, nothing major yet.",Neutral
Did not notice any change in my condition.,Neutral
Seems like a standard pharma product.,Neutral
No improvement even after a full course.,Negative
"Can’t say much, it’s too early to tell.",Neutral
Seems like a standard pharma product.,Neutral
This drug helped me recover quickly.,Positive
"Can’t say much, it’s too early to tell.",Neutral
"Still observing the effects, nothing major yet.",Neutral
Affordable and highly effective!,Positive
I’ve been using this for months with excellent results.,Positive
Stopped using it due to adverse effects.,Negative
I’ve been using this for months with excellent results.,Positive
Very disappointed with this treatment.,Negative
Seems like a standard pharma product.,Neutral
I felt worse after taking it.,Negative
I noticed significant improvement within a few days.,Positive
Affordable and highly effective!,Positive
I had an allergic reaction to this medicine.,Negative
The treatment worked wonders for my condition.,Positive
Highly recommended for anyone with similar symptoms.,Positive
Not sure if this medicine is working.,Neutral
Seems like a standard pharma product.,Neutral
Affordable and highly effective!,Positive
"Average product, did what it was supposed to.",Neutral
The product gave me headaches and nausea.,Negative
"It’s just okay, nothing special.",Neutral
Did not notice any change in my condition.,Neutral
Did not notice any change in my condition.,Neutral
I feel much better after using this product.,Positive
"Still observing the effects, nothing major yet.",Neutral
"It’s just okay, nothing special.",Neutral
"My doctor prescribed it, and it worked perfectly.",Positive
"My doctor prescribed it, and it worked perfectly.",Positive
"Average product, did what it was supposed to.",Neutral
Did not help with my symptoms at all.,Negative
Not sure if this medicine is working.,Neutral
Stopped using it due to adverse effects.,Negative
"Still observing the effects, nothing major yet.",Neutral
The product gave me headaches and nausea.,Negative
This drug helped me recover quickly.,Positive
This medication caused severe side effects.,Negative
This drug helped me recover quickly.,Positive
Did not help with my symptoms at all.,Negative
"Can’t say much, it’s too early to tell.",Neutral
I’ve been using this for months with excellent results.,Positive
"Average product, did what it was supposed to.",Neutral
I had a great experience with this medication.,Positive
Too expensive and ineffective.,Negative
"My doctor prescribed it, and it worked perfectly.",Positive
I noticed significant improvement within a few days.,Positive
I had an allergic reaction to this medicine.,Negative
Not sure if this medicine is working.,Neutral
Affordable and highly effective!,Positive
The treatment worked wonders for my condition.,Positive
"Neutral experience, no side effects but no improvement.",Neutral
Might work better for others.,Neutral
Too expensive and ineffective.,Negative
Did not help with my symptoms at all.,Negative
"Can’t say much, it’s too early to tell.",Neutral
I feel much better after using this product.,Positive
I noticed significant improvement within a few days.,Positive
This medication caused severe side effects.,Negative
Did not help with my symptoms at all.,Negative
No improvement even after a full course.,Negative
Very effective and no noticeable side effects.,Positive
"My doctor prescribed it, and it worked perfectly.",Positive
Did not notice any change in my condition.,Neutral
Seems like a standard pharma product.,Neutral
I had an allergic reaction to this medicine.,Negative
The product gave me headaches and nausea.,Negative
I felt worse after taking it.,Negative
"Neutral experience, no side effects but no improvement.",Neutral
"Neutral experience, no side effects but no improvement.",Neutral
I had a great experience with this medication.,Positive
Very effective and no noticeable side effects.,Positive
Would not recommend this to anyone.,Negative
I felt worse after taking it.,Negative
"Can’t say much, it’s too early to tell.",Neutral
"Can’t say much, it’s too early to tell.",Neutral
Stopped using it due to adverse effects.,Negative
"It’s just okay, nothing special.",Neutral
I felt worse after taking it.,Negative
"Neutral experience, no side effects but no improvement.",Neutral
"It’s just okay, nothing special.",Neutral
Stopped using it due to adverse effects.,Negative
Seems like a standard pharma product.,Neutral
Affordable and highly effective!,Positive
I’ve been using this for months with excellent results.,Positive
Affordable and highly effective!,Positive
"Can’t say much, it’s too early to tell.",Neutral
Highly recommended for anyone with similar symptoms.,Positive
Seems like a standard pharma product.,Neutral
This medication caused severe side effects.,Negative
"Neutral experience, no side effects but no improvement.",Neutral
"Still observing the effects, nothing major yet.",Neutral
Might work better for others.,Neutral
Very effective and no noticeable side effects.,Positive
I noticed significant improvement within a few days.,Positive
Seems like a standard pharma product.,Neutral
Might work better for others.,Neutral
Seems like a standard pharma product.,Neutral
Did not notice any change in my condition.,Neutral
"It’s just okay, nothing special.",Neutral
Not sure if this medicine is working.,Neutral
Did not notice any change in my condition.,Neutral
"Neutral experience, no side effects but no improvement.",Neutral
Too expensive and ineffective.,Negative
I had an allergic reaction to this medicine.,Negative
I’ve been using this for months with excellent results.,Positive
This drug helped me recover quickly.,Positive
"It’s just okay, nothing special.",Neutral
Stopped using it due to adverse effects.,Negative
Did not notice any change in my condition.,Neutral
Did not help with my symptoms at all.,Negative
Would not recommend this to anyone.,Negative
"Can’t say much, it’s too early to tell.",Neutral
I’ve been using this for months with excellent results.,Positive
This drug helped me recover quickly.,Positive
Would not recommend this to anyone.,Negative
"Still observing the effects, nothing major yet.",Neutral
I noticed significant improvement within a few days.,Positive
"It’s just okay, nothing special.",Neutral
I felt worse after taking it.,Negative
Highly recommended for anyone with similar symptoms.,Positive
